sys,expt_value,calc_value,error
SiH4,154.0,152.8198405234143,-1.1801594765856862
PH3,187.1,185.8100243145891,-1.2899756854108944
SH2,168.8,168.2773458136071,-0.5226541863929128
ClH,133.6,131.9356754264445,-1.66432457355549
NH3,202.5,201.65815662530804,-0.8418433746919618
OH2,165.1,162.53424535710656,-2.565754642893438
C2H2,152.3,153.5742832657561,1.2742832657560825
H2,100.8,98.17542591679444,-2.624574083205559
