sys,expt_value,calc_value,error
SH,-54.4,-54.94342631651671,-0.5434263165167081
