sys,expt_value,calc_value,error
SiH4,154.0,144.9436698720092,-9.056330127990805
PH3,187.1,176.7763836008089,-10.323616399191081
SH2,168.8,162.97554629013757,-5.824453709862439
ClH,133.6,128.42067387275165,-5.179326127248345
NH3,202.5,197.69227899502584,-4.807721004974155
OH2,165.1,160.32326444871433,-4.776735551285668
C2H2,152.3,144.41603652528283,-7.883963474717177
H2,100.8,97.43380696504539,-3.3661930349546054
